{
  "a": [
    446.4714285714286,
    443.42857142857144,
    446.9428571428571,
    440.07142857142856,
    443.3,
    466.3285714285715,
    463.1571428571429,
    448.2142857142857,
    243.3,
    214.1285714285714,
    213.5
  ],
  "b": [
    432.4,
    463.65714285714284,
    442.4714285714286,
    435.95714285714274,
    448.9,
    436.80000000000007,
    439.0,
    452.88571428571424,
    270.57142857142856,
    227.55714285714288,
    211.28571428571428
  ],
  "c": [
    434.00000000000006,
    450.35714285714283,
    441.37142857142857,
    436.12857142857143,
    497.2857142857143,
    483.8571428571428,
    437.5571428571429,
    465.41428571428565,
    203.78571428571428,
    239.58571428571432,
    243.47142857142856
  ],
  "d": [
    450.97142857142853,
    443.22857142857146,
    466.2428571428572,
    445.2571428571428,
    454.9428571428572,
    433.58571428571435,
    454.5,
    504.3428571428571,
    258.45714285714286,
    246.08571428571426,
    206.17142857142858
  ],
  "e": [
    457.09999999999997,
    473.41428571428565,
    441.4,
    448.92857142857144,
    456.17142857142863,
    427.6857142857143,
    430.25714285714275,
    427.4857142857143,
    206.65714285714284,
    224.65714285714284,
    229.1142857142857
  ],
  "f": [
    453.64285714285717,
    463.8857142857143,
    444.18571428571425,
    465.2857142857143,
    411.1142857142857,
    473.40000000000003,
    424.5714285714286,
    455.5,
    207.7857142857143,
    216.25714285714284,
    227.8571428571429
  ],
  "g": [
    451.3428571428571,
    446.47142857142865,
    457.58571428571435,
    445.9571428571429,
    452.07142857142856,
    451.81428571428575,
    452.3,
    435.9571428571429,
    227.7857142857143,
    208.31428571428572,
    174.62857142857143
  ],
  "h": [
    427.0142857142857,
    467.1857142857143,
    457.17142857142863,
    441.7714285714286,
    502.45714285714286,
    451.3714285714286,
    466.9142857142857,
    463.4,
    248.18571428571428,
    199.5142857142857,
    208.1285714285714
  ],
  "i": [
    438.07142857142856,
    423.2714285714286,
    428.6142857142857,
    441.2285714285714,
    442.7571428571428,
    475.5571428571429,
    432.9857142857143,
    421.42857142857144,
    278.15714285714284,
    193.44285714285715,
    179.17142857142858
  ],
  "j": [
    458.4142857142857,
    432.6571428571429,
    453.90000000000003,
    439.9857142857143,
    427.91428571428565,
    469.9857142857142,
    447.6142857142856,
    452.5714285714285,
    251.90000000000003,
    209.35714285714286,
    245.55714285714288
  ],
  "k": [
    430.4571428571429,
    429.30000000000007,
    434.12857142857143,
    458.99999999999994,
    458.9428571428572,
    444.2,
    464.04285714285714,
    426.9,
    219.6,
    207.9,
    201.52857142857147
  ],
  "l": [
    453.74285714285713,
    457.1285714285714,
    455.4142857142857,
    455.3857142857143,
    441.41428571428577,
    454.75714285714287,
    451.7428571428572,
    465.1714285714285,
    221.01428571428568,
    190.82857142857142,
    194.8142857142857
  ],
  "m": [
    441.37142857142857,
    447.9714285714286,
    435.47142857142853,
    433.6142857142857,
    457.4428571428571,
    434.02857142857147,
    457.09999999999997,
    476.0,
    201.1142857142857,
    184.29999999999998,
    227.4
  ],
  "n": [
    439.72857142857146,
    448.6428571428572,
    456.78571428571433,
    451.3,
    453.87142857142857,
    447.02857142857147,
    490.65714285714284,
    403.04285714285714,
    195.0142857142857,
    192.55714285714288,
    214.02857142857144
  ],
  "o": [
    430.2857142857143,
    444.15714285714284,
    432.88571428571424,
    434.7,
    476.18571428571425,
    474.5,
    460.2285714285714,
    448.92857142857144,
    213.07142857142858,
    196.57142857142853,
    234.98571428571427
  ],
  "p": [
    437.67142857142863,
    438.1142857142857,
    426.17142857142863,
    453.2,
    464.22857142857146,
    450.7142857142857,
    464.0142857142857,
    442.41428571428577,
    237.28571428571428,
    196.65714285714284,
    227.44285714285712
  ],
  "q": [
    445.18571428571425,
    451.6857142857143,
    463.3285714285715,
    457.7285714285714,
    438.1,
    468.1571428571429,
    448.9857142857144,
    408.5714285714286,
    204.62857142857143,
    209.89999999999995,
    219.91428571428565
  ],
  "r": [
    442.75714285714287,
    443.40000000000003,
    447.2,
    451.9714285714286,
    452.8428571428571,
    434.27142857142854,
    427.8714285714285,
    442.37142857142857,
    205.52857142857144,
    178.74285714285716,
    203.72857142857146
  ],
  "s": [
    448.87142857142857,
    456.85714285714283,
    443.9428571428572,
    457.0571428571428,
    438.3142857142857,
    470.5142857142857,
    446.84285714285716,
    474.85714285714283,
    218.04285714285717,
    203.29999999999998,
    274.2
  ],
  "t": [
    455.41428571428565,
    448.2,
    443.1285714285715,
    437.2,
    460.82857142857137,
    378.6142857142857,
    429.15714285714284,
    455.62857142857143,
    201.64285714285714,
    227.97142857142856,
    203.25714285714284
  ],
  "u": [
    448.5857142857143,
    458.7,
    434.2857142857143,
    439.3285714285715,
    418.34285714285716,
    469.07142857142856,
    457.92857142857144,
    461.3,
    201.74285714285716,
    203.17142857142855,
    219.75714285714284
  ],
  "v": [
    445.7714285714286,
    446.2285714285714,
    424.2571428571428,
    444.85714285714295,
    470.0857142857143,
    456.14285714285717,
    438.9714285714286,
    453.02857142857147,
    196.72857142857143,
    190.7571428571428,
    242.62857142857143
  ],
  "w": [
    454.18571428571425,
    449.2428571428572,
    429.07142857142856,
    436.72857142857146,
    462.0285714285714,
    451.1571428571429,
    461.25714285714287,
    510.5571428571428,
    201.05714285714285,
    212.71428571428575,
    212.2571428571429
  ],
  "x": [
    436.85714285714283,
    452.90000000000003,
    432.11428571428576,
    431.04285714285714,
    440.0571428571428,
    438.40000000000003,
    454.08571428571423,
    493.18571428571425,
    209.11428571428567,
    188.97142857142856,
    176.7142857142857
  ],
  "y": [
    452.11428571428576,
    475.75714285714287,
    448.91428571428565,
    436.5999999999999,
    449.6285714285715,
    432.40000000000003,
    446.47142857142853,
    463.1714285714285,
    220.82857142857142,
    239.02857142857147,
    211.25714285714284
  ],
  "z": [
    432.0285714285714,
    483.7857142857143,
    444.67142857142863,
    435.21428571428567,
    467.2285714285714,
    469.7571428571429,
    443.3285714285715,
    481.54285714285714,
    236.4,
    249.84285714285716,
    224.91428571428574
  ]
}