{
  "a": [
    435.36795680387894,
    446.23125490007715,
    470.7327657467702,
    454.9515842060611,
    426.82558434528045,
    430.13428233149637,
    485.09272443156414,
    472.6921790549342,
    234.72772534001567,
    237.68264535966068,
    179.55538995483968
  ],
  "b": [
    437.8607482618608,
    441.60618407823324,
    464.1564173685732,
    448.4792927224734,
    472.8378246038533,
    499.2893769945176,
    437.8020522055322,
    463.3153216357468,
    221.33689375377733,
    213.46164245379134,
    229.8542627751836
  ],
  "c": [
    459.7427083093346,
    448.73408018505927,
    466.8237059489938,
    440.47179140651065,
    445.0367971418542,
    412.3107982924218,
    453.890238146898,
    507.5699949298311,
    247.22185433080898,
    259.54894961405927,
    205.29686834771204
  ],
  "d": [
    437.42784748160216,
    469.26582973306614,
    475.89321783819935,
    438.3727522508094,
    393.02903534140313,
    478.6900648070174,
    437.7466647975377,
    413.037391194185,
    278.3018908418658,
    239.80081463929233,
    258.28187524012986
  ],
  "e": [
    425.4983586738246,
    444.88273871815886,
    452.22612553016876,
    431.0317786578915,
    524.4886727442904,
    472.30684649562266,
    448.7485732607239,
    440.99124006402985,
    214.86853301019983,
    268.1260449635625,
    227.1220014976348
  ],
  "f": [
    475.1234615873528,
    466.0320362410807,
    457.03022707803376,
    452.0688447058362,
    425.66695944559075,
    443.0419227886805,
    481.2934964045326,
    440.44739956186726,
    230.35813874258147,
    202.68858698181927,
    214.51518858438297
  ],
  "g": [
    459.1109227409554,
    502.4599422227848,
    425.89546134229965,
    453.43014517371665,
    408.99496135597286,
    442.7651729576377,
    441.18389792083747,
    491.93616170408063,
    271.76651126636403,
    227.69512903731732,
    216.8809794707625
  ],
  "h": [
    464.67714794561573,
    465.12873080440147,
    448.1983724312158,
    448.45671704987865,
    453.235545960016,
    472.605470272939,
    507.2102234774323,
    361.4017055224623,
    220.0346165060672,
    219.20252242771,
    212.41084453651197
  ],
  "i": [
    460.95738181442,
    444.8886459390273,
    459.7187137781682,
    456.68698642105255,
    475.7725342966796,
    449.555522278845,
    404.1856089917628,
    486.02280767621573,
    214.79260066875491,
    258.7097714973843,
    216.14178348091977
  ],
  "j": [
    449.0742002583285,
    427.2754414498965,
    439.55612838712347,
    457.38679324730214,
    498.95366784171057,
    531.9016923457845,
    491.2849049715558,
    387.2273733273087,
    241.92181209963334,
    214.52306364517045,
    241.7020702510688
  ],
  "k": [
    462.6410839401921,
    471.9885031204485,
    453.2650999276664,
    452.9803852975606,
    448.71002841001325,
    526.4507070820324,
    488.4355546258178,
    418.6459074439073,
    193.79733192937385,
    209.51083998319268,
    171.351427862129
  ],
  "l": [
    472.4383846659562,
    478.13217125698515,
    423.4919370941244,
    424.8818874088534,
    506.37900543910723,
    496.3772580482211,
    438.89303545078764,
    459.54427808954125,
    236.56186205216648,
    233.1723753159502,
    196.39924100675555
  ],
  "m": [
    451.3248872513224,
    449.9372910119155,
    480.97459559631994,
    445.8050552827657,
    434.8590149947106,
    443.1665637533693,
    434.77719579789516,
    494.72676767030833,
    214.54333167549402,
    249.65438254422645,
    219.91494259344734
  ],
  "n": [
    441.76314503113656,
    439.4872891461283,
    446.25799494720104,
    450.84411760374905,
    488.29020900964576,
    501.4430850901061,
    500.18033430208266,
    463.2336570016137,
    188.43530533901466,
    224.62330832716668,
    245.9782250817277
  ],
  "o": [
    452.3411162105114,
    429.7860339503048,
    458.63120669661265,
    472.93106179705427,
    438.2643906275447,
    472.47104419759006,
    448.91979208664276,
    466.7453758452379,
    195.73629818841528,
    198.78251970357402,
    205.4664728698398
  ],
  "p": [
    458.07859657174725,
    440.11397400388256,
    446.80864048666444,
    435.9090558116562,
    475.63578216590344,
    486.36347278666506,
    427.02178751507086,
    480.28446143510916,
    179.65242859523548,
    152.2358257208155,
    219.93031672362687
  ],
  "q": [
    453.2583908050986,
    458.4934827937491,
    472.8184077759672,
    454.38725934862015,
    491.31388232879095,
    475.65754011700363,
    430.98439752316557,
    478.89814034968225,
    210.40385771604798,
    201.03184671472934,
    195.3704181354144
  ],
  "r": [
    455.96746338321736,
    448.7040000945436,
    434.94288721139804,
    457.06204851095833,
    387.5303990020631,
    433.67798951504096,
    434.68217156608745,
    414.5705441117985,
    197.91736405839282,
    193.81243113867325,
    203.92300693343165
  ],
  "s": [
    458.8298886582626,
    436.8065066201906,
    450.02671569377475,
    436.8044949361117,
    476.52878773891035,
    417.89171425442134,
    519.1950188055479,
    450.52308884010523,
    260.25354037277316,
    191.9845028182394,
    194.7473105049775
  ],
  "t": [
    444.43619651611044,
    456.5227583686658,
    425.30999686727597,
    470.08153191527725,
    462.17143967135735,
    464.0562260703123,
    470.90989361624054,
    440.60170189111227,
    195.38255994476137,
    187.95187119167184,
    234.1904377908124
  ],
  "u": [
    429.5227008231496,
    451.0230569778595,
    447.0678217553005,
    439.2481796075691,
    520.9552861301682,
    486.3907234582183,
    382.27451644171026,
    471.4345207808339,
    235.61859620027704,
    231.88810493595298,
    202.2313909940604
  ],
  "v": [
    426.98151960717166,
    445.95269802838686,
    433.18087306228637,
    404.26928815356933,
    437.72490843152303,
    464.80301679627627,
    451.39739586336606,
    451.85724865612866,
    239.74685816842873,
    197.35801619245763,
    218.74133407345903
  ],
  "w": [
    455.0021894993415,
    439.1656341691837,
    433.10444498011134,
    453.1827158367097,
    467.6123169990293,
    422.05984453592856,
    461.02810566312195,
    480.4699062212954,
    222.81956385031086,
    242.87669680711377,
    226.4444430921783
  ],
  "x": [
    467.3524117330617,
    433.68663736494864,
    442.5167566612386,
    431.16032449974637,
    440.66301889347574,
    414.2845396886384,
    437.1666531897718,
    392.03314197168754,
    246.6303909389929,
    239.20657145760072,
    232.68288393140529
  ],
  "y": [
    454.57556238985535,
    452.7680003181811,
    442.3006256719645,
    436.31768939460324,
    483.403068349402,
    402.3386716704732,
    427.6663758485116,
    383.9283200211507,
    181.52349777417646,
    200.46087429056067,
    203.26385806144125
  ],
  "z": [
    460.9228463795056,
    447.8351200974983,
    425.7293867848575,
    455.06677419451313,
    470.7044257729116,
    467.94670833196983,
    486.0789332988369,
    483.8280571000964,
    172.8502103817954,
    172.46879728102078,
    169.76465564631232
  ]
}